epoch,step,test_IoU,test_loss,train_IoU_step,train_loss
0,49,,,5.1235811042715795e-06,0.9999877214431763
0,88,3.90620425605448e-06,0.999991238117218,,
