epoch,step,test_IoU,test_loss,train_IoU,train_loss
0,49,,,4.525173608271871e-06,0.999991774559021
0,88,1.035832042362017e-06,0.9999958872795105,,
