{"_step":277,"train_IoU":2.9287118650245247e-06,"valid_loss":0.9999918937683105,"_runtime":137.6951299,"valid_IoU":3.4733948268694803e-06,"_wandb":{"runtime":137},"trainer/global_step":8899,"epoch":99,"_timestamp":1.726618339462038e+09,"train_loss":0.9999931454658508}